timestamp,symbol,side,quantity,price,fee,realized_pnl,intent_id,fill_id
2024-01-26T13:00:00+00:00,BTC/USDT,BUY,0.002430,41160.580005,0.100020209412150,0,e48900e1-aa17-4927-9c1a-79755230e40f,8232a1a8-d229-44a6-8e80-08cfb8d17c2f
2024-02-01T06:00:00+00:00,BTC/USDT,SELL,0.002430,42135.42175,0.10238907485250,2.166456156085350,c074bb37-2bdb-4a98-835c-8f95451b0040,021c1c33-57b6-4d6b-8920-da9b13d4ae89
2024-02-01T20:00:00+00:00,BTC/USDT,BUY,0.002314,43240.549470,0.100058631473580,0,2ff6d07c-d408-4966-a78d-6ce56572382d,fcd7c84e-8004-4602-9f5e-d58d207e28f1
2024-02-04T22:00:00+00:00,BTC/USDT,SELL,0.002314,42758.580015,0.098943354154710,-1.314279304498290,d8b15535-32b3-4b24-8867-bfddff62ae28,9b4d16d5-e915-4f5e-8a31-8640300712c5
2024-02-05T12:00:00+00:00,BTC/USDT,BUY,0.002315,43215.677040,0.100044292347600,0,09a07a28-2dff-4c6d-a50f-ed8bdc354f6a,224a0b58-9be2-4d74-9cb0-4ec4ca1dcb32
2024-02-05T21:00:00+00:00,BTC/USDT,SELL,0.002315,42404.78700,0.09816708190500,-2.075421816852600,ea22f7ad-2a56-4690-96a8-d40a479062bc,8aedf5c0-195f-4626-8808-afe0b37c7911
2024-02-06T16:00:00+00:00,BTC/USDT,BUY,0.002312,43266.512445,0.100032176772840,0,5e7a5b53-6aa8-464b-b98c-607fe7aaea68,a5c053b2-64cf-43bf-be25-7b19cac0379d
2024-02-21T12:00:00+00:00,BTC/USDT,SELL,0.002312,50940.047235,0.117773389207320,17.523406868499840,070ee5ae-c824-48b3-9188-2467029a8d16,727d3580-c316-4b56-ae05-d3534a587d22
2024-02-25T02:00:00+00:00,BTC/USDT,BUY,0.001937,51709.852005,0.100161983333685,0,0cee9886-aa74-4f18-8a73-0639c2d49fc5,46446aa1-8798-4940-867c-43a4ace802f7
2024-02-26T12:00:00+00:00,BTC/USDT,SELL,0.001937,51064.464995,0.098911868695315,-1.449188490399000,cfaab498-b77b-4382-a39f-52b0cc7bb49e,b56cd648-dab0-4431-9ce0-ea01bcd40f77
2024-02-26T16:00:00+00:00,BTC/USDT,BUY,0.001895,52868.751165,0.100186283457675,0,d7ca5e68-b94f-4456-8889-2650c79a12ef,c6b57323-cde4-483b-8984-e5101623e114
2024-03-15T04:00:00+00:00,BTC/USDT,SELL,0.001895,68189.897995,0.129219856700525,28.804167102691800,0efa27be-24c0-4ce9-9dde-bbb1bbf17bf7,ac45d487-4db9-4017-bf48-ad10180701bb
2024-03-21T05:00:00+00:00,BTC/USDT,BUY,0.001505,66753.349995,0.100463791742475,0,eeb5d98e-7666-4b55-b47d-5ae521d2111a,0dc9b0d0-dfa9-4546-9a39-375f0ec60367
2024-03-22T00:00:00+00:00,BTC/USDT,SELL,0.001505,65468.529360,0.098530136686800,-2.132648984104275,14b83c06-2187-4e51-962e-9cbd3953bc13,7685ba25-ed01-43b2-9859-7ceb535172e5
2024-03-22T08:00:00+00:00,BTC/USDT,BUY,0.001517,66211.099005,0.100442237190585,0,0df74d8a-d238-443e-b675-5e5bd45bbc82,861b0da1-e4c4-4eb6-b9a6-45fbdd67d630
2024-03-22T09:00:00+00:00,BTC/USDT,SELL,0.001517,65825.750660,0.099857663751220,-0.784873340306805,0d72bfa2-0a12-4127-9135-a68e6a3a42cf,fefaba9a-f901-4892-93f2-1e231ef4b650
2024-03-24T19:00:00+00:00,BTC/USDT,BUY,0.001524,65878.933005,0.100399493899620,0,ab8df0b2-a62a-48f4-8dc8-7513b311f831,cec762eb-6d73-4e92-8c64-41940462e1fa
2024-04-01T15:00:00+00:00,BTC/USDT,SELL,0.001524,68871.616965,0.104960344254660,4.355490516885720,7f9e1ec5-42da-451c-abdf-83ff5722ae80,dfc1d0a6-7fe9-409c-b298-3c39a4f163e7
2024-04-05T00:00:00+00:00,BTC/USDT,BUY,0.001466,68522.04390,0.10045331635740,0,2d2a2449-17c1-4a1c-9265-4874ab959edb,38724b91-30d3-489e-aa20-915b10afcc1b
2024-04-05T10:00:00+00:00,BTC/USDT,SELL,0.001466,66772.587005,0.097888612549330,-2.763045736976730,1a08faf8-39c3-48f1-8a61-a7db2fef4812,6b36576c-0aa5-4ff0-b221-94fa3df059bc
2024-04-05T16:00:00+00:00,BTC/USDT,BUY,0.001472,68224.715310,0.100426780936320,0,53d739ba-b06a-4551-b5ad-ddcbcd364898,a8b7f187-2cad-4387-82a6-7aa37483697a
2024-04-10T03:00:00+00:00,BTC/USDT,SELL,0.001472,68617.654010,0.101005186702720,0.376973798760960,ec8ca084-ba0c-4912-a9d0-276713336109,ba7851f6-7229-4068-aa2a-3bb3f83acfcc
2024-04-11T00:00:00+00:00,BTC/USDT,BUY,0.001421,70666.395540,0.100416948062340,0,2599a02f-0ecd-42f1-a1fa-7688f5d53bf9,fea59210-2252-4c75-b676-f32c166f971f
2024-04-12T19:00:00+00:00,BTC/USDT,SELL,0.001421,66458.75400,0.09443788943400,-6.173913465836340,cbf7ff28-a86d-4b00-b17e-75413b370fdc,e78f9cc1-2584-40d1-91f6-bb5ab6740d3a
2024-04-19T12:00:00+00:00,BTC/USDT,BUY,0.001547,64903.165365,0.100405196819655,0,5e9250b6-67ef-4bb2-90bb-66ae842966e4,24bddaed-cd83-4652-86b0-d991ae5438ac
2024-04-24T20:00:00+00:00,BTC/USDT,SELL,0.001547,63944.061975,0.098921463875325,-1.683059605024980,aa9d6691-460b-476d-9e13-518643f30d3d,6f685854-e62c-4e37-865a-c4797193339b
2024-05-03T17:00:00+00:00,BTC/USDT,BUY,0.001626,61712.84100,0.10034507946600,0,b3e58a3b-1429-43f8-b3cc-bc168e6c6d58,e57b2fd3-b2da-4dd9-83ca-06639a5897ef
2024-05-08T05:00:00+00:00,BTC/USDT,SELL,0.001626,62488.889925,0.101606935018050,1.059903537565950,32270be7-8d2c-488b-9040-b05c6a9d9b4e,a285199a-9b05-4eae-896f-7923d0ba0c3f
2024-05-10T07:00:00+00:00,BTC/USDT,BUY,0.001588,63197.58300,0.10035776180400,0,a31b1b0c-a06b-44c3-80e1-76cafb62b8fd,7f30b752-8672-4b49-a831-64ec5de23fc1
2024-05-10T16:00:00+00:00,BTC/USDT,SELL,0.001588,60897.555990,0.096705318912120,-3.849505972596120,e81a16ce-3f39-4af2-811d-ff297c68e3e8,2886e2d3-5180-436d-95f0-db6b6b9cbddd
2024-05-13T10:00:00+00:00,BTC/USDT,BUY,0.001590,63092.140305,0.100316503084950,0,92af49d5-e2a6-494b-8b3f-851e193eecde,17ff80b9-d7fc-4156-86af-ab654e0452ca
2024-05-14T19:00:00+00:00,BTC/USDT,SELL,0.001590,61399.28500,0.09762486315000,-2.889581301184950,ebcc0f97-9373-4aa9-89fc-6345c303df21,426939fe-cfe7-459f-829c-1c20e4cd391e
2024-05-15T10:00:00+00:00,BTC/USDT,BUY,0.001600,62681.304990,0.100290087984000,0,ba6b5365-3ef6-4551-bc2f-eb8d4b33c89c,9021d4a3-1c26-4699-9561-096aa695df8a
2024-05-23T19:00:00+00:00,BTC/USDT,SELL,0.001600,67359.353475,0.107774965560000,7.276812522456000,2021e8c7-dbe6-4c1d-af16-9fc4e2586ada,d4e7af37-7c16-40c2-a77f-0703a8a30dc8
2024-05-25T06:00:00+00:00,BTC/USDT,BUY,0.001460,68752.569105,0.100378750893300,0,f9b3bd7c-d447-4cb3-8025-ea1a6f8982c0,bcc4a082-438f-4d3a-a90b-4816ed2ffb24
2024-05-27T10:00:00+00:00,BTC/USDT,SELL,0.001460,68561.062320,0.100099150987200,-0.480077807980500,7d8db3a5-2aa7-412e-be2a-31fda8eb42f9,0b478cbb-41ad-4d67-bfdd-68ba854a33da
2024-05-27T15:00:00+00:00,BTC/USDT,BUY,0.001444,69534.75000,0.10040817900000,0,9edb7732-eb12-4e3b-b5c7-2f4490af52ff,667beee0-1131-4554-b9a3-63339f358358
2024-05-28T07:00:00+00:00,BTC/USDT,SELL,0.001444,67938.803605,0.098103632405620,-2.503058405785620,e3b691c0-7ed0-4b0a-a87d-234b3a314e5f,a55a88a4-6e55-4f10-b4e9-49a1e62e1bb0
2024-05-30T20:00:00+00:00,BTC/USDT,BUY,0.001461,68687.346510,0.100352213251110,0,b1fbec0a-fcf6-459c-8a40-91d7a60885b1,4fb7f5fb-0764-43a9-862f-5d8e19c094ca
2024-05-31T10:00:00+00:00,BTC/USDT,SELL,0.001461,67916.02500,0.09922531252500,-1.326478251886110,81b42a43-c797-49a5-9ff3-292590ce9bd1,f86b1829-d001-4564-b7f8-02b0925b3006
2024-05-31T13:00:00+00:00,BTC/USDT,BUY,0.001461,68677.911795,0.100338429132495,0,8b6e18a5-4d18-49fc-a5ff-e26f74be7419,0f21f0f5-b2a0-417c-9b75-6c68780913d5
2024-05-31T14:00:00+00:00,BTC/USDT,SELL,0.001461,68044.300830,0.099412723512630,-1.125456772510125,027e943c-0a50-4c48-a512-83756fa90ff3,78a6a935-df75-49c4-8927-60b2095ea2f7
2024-06-03T04:00:00+00:00,BTC/USDT,BUY,0.001466,68416.99140,0.10029930939240,0,03caae09-3748-49ae-bcc4-1338c4c16a07,743eb0e2-3229-4905-a6de-159a8318e51c
2024-06-07T23:00:00+00:00,BTC/USDT,SELL,0.001466,69464.25050,0.10183459123300,1.33314793997460,8f09ac82-37cd-4804-b645-41b16d0a4be2,5d177431-2890-406c-ac42-b4695efa0be9
2024-06-30T16:00:00+00:00,BTC/USDT,BUY,0.001625,61748.75895,0.10034173329375,0,ff5cd85b-77b0-4d49-831a-599087918eff,6e79b66b-ffa4-434c-8996-2d1ec47688a9
2024-07-03T03:00:00+00:00,BTC/USDT,SELL,0.001625,61331.328995,0.099663409616875,-0.878328819785625,3505ca46-dc77-4f35-aa4c-4250ae54bdb8,0343539d-246d-48e5-820a-62d83e307cc3
2024-07-09T18:00:00+00:00,BTC/USDT,BUY,0.001743,57551.76150,0.10031272029450,0,ee40f79b-8f10-42d6-8572-69062c0115b2,4e73f8b4-9f00-4d13-bf96-d0bb69861bd1
2024-07-12T02:00:00+00:00,BTC/USDT,SELL,0.001743,56921.534995,0.099214235496285,-1.298011754005785,72f726d4-05e7-4c00-a5c7-84e8a53f7b31,44dbc2d4-7b75-487b-b717-511989928728
2024-07-12T19:00:00+00:00,BTC/USDT,BUY,0.001720,58326.04845,0.10032080333400,0,303a3349-5247-4acc-9dd0-5235b7bf446a,9508a0c0-4d2b-4c33-a70d-83f4ca30407d
2024-07-23T20:00:00+00:00,BTC/USDT,SELL,0.001720,65503.23200,0.11266555904000,12.13176934362600,f02934e9-56ec-49d7-bbad-1a0db12bf491,aa0362a9-15aa-4ef5-b12e-a750cbdfa833
2024-07-26T06:00:00+00:00,BTC/USDT,BUY,0.001500,66957.472005,0.100436208007500,0,31f98ff7-ac60-49db-8c03-1e0ac57264be,2df325ef-177a-4bcf-ba94-d5bb0bdaa04c
2024-07-30T02:00:00+00:00,BTC/USDT,SELL,0.001500,66178.214340,0.099267321510000,-1.368590027017500,4b4269ac-fbde-4797-a846-6c1154bd7e40,6334d6d2-d193-4a0e-9bf2-022ef84b0d94
2024-08-08T16:00:00+00:00,BTC/USDT,BUY,0.001689,59457.744015,0.100424129641335,0,57001c32-d678-4fe3-927d-4c2b73bd714c,e4fb1b04-6e16-4c9e-bc56-02d82b6944cb
2024-08-12T02:00:00+00:00,BTC/USDT,SELL,0.001689,58554.727990,0.098898935575110,-1.724517131441445,061015ec-9ea9-4172-9589-df503ba42ddc,778de5fd-dd6c-43a4-8749-180f1065d8d6
2024-08-13T18:00:00+00:00,BTC/USDT,BUY,0.001641,61198.163790,0.100426186779390,0,63d29aff-bc74-42f7-88cb-4493292d3916,dd09b2cd-0e9d-4e86-ba69-02c29fa19aba
2024-08-14T22:00:00+00:00,BTC/USDT,SELL,0.001641,58884.113215,0.096628829785815,-3.994412010140205,9e599b21-74ec-47bf-bd4f-6c2548c391db,2bc8ca89-7575-44a1-9eeb-21eac93e0f15
2024-08-17T10:00:00+00:00,BTC/USDT,BUY,0.001691,59356.013175,0.100371018278925,0,cf76640f-3ec2-4d3d-84a1-cdfd45523d0c,94b47f66-2a71-4a56-ab90-d2a9920a8f5d
2024-08-19T04:00:00+00:00,BTC/USDT,SELL,0.001691,58707.481575,0.099274351343325,-1.296312305222250,4d0a05a5-b355-4351-8cde-579b0eb162a5,ecd24564-cdb8-4f66-b6c7-e30321d49867
2024-08-20T02:00:00+00:00,BTC/USDT,BUY,0.001659,60476.263020,0.100330120350180,0,53c042ef-932b-4b0a-938e-54e5e4c8a13e,0d7e0c0e-b75a-4b5d-ae83-3ba30732080e
2024-08-27T11:00:00+00:00,BTC/USDT,SELL,0.001659,62300.893970,0.103357183096230,2.823375442603590,ff6b82c8-86a0-48c0-a278-221c928b8103,e4768421-e2dd-4fa4-9abe-8a5b6fdff504
2024-09-03T11:00:00+00:00,BTC/USDT,BUY,0.001698,59108.479470,0.100366198140060,0,ddab1243-e2c6-4f76-b725-b6bbabe56727,c1f45cf1-932b-4c42-b78c-5df29b0d2e8b
2024-09-03T14:00:00+00:00,BTC/USDT,SELL,0.001698,58369.790505,0.099111904277490,-1.453771964987550,db49ffee-aae6-4c4a-bd7f-92b72559b015,3a67a2ad-0c0c-44bc-a94f-07c726b4250f
2024-09-09T18:00:00+00:00,BTC/USDT,BUY,0.001775,56542.25700,0.10036250617500,0,abc9f4c9-34bf-4083-968a-4f2e77f134f5,fe9ffbd9-cb21-4d24-bc00-89c0d2515807
2024-09-16T13:00:00+00:00,BTC/USDT,SELL,0.001775,58498.726005,0.103835238658875,3.268534739041125,fc6a336e-03d6-42c6-8812-0e010a088d00,c1f641e9-dd68-4ed2-9c2b-26a7c09e727b
2024-09-17T15:00:00+00:00,BTC/USDT,BUY,0.001665,60296.122995,0.100393044786675,0,552dc28a-59a2-406f-93bc-a241da89bcab,a3d05b57-ac33-4add-92db-418e00e263b5
2024-09-30T07:00:00+00:00,BTC/USDT,SELL,0.001665,64323.82200,0.10709916363000,6.498626634908325,8c02440f-29d8-492b-b482-48346c87a8ac,18170f87-2cb5-446e-bac4-b40eb03d5299
2024-10-05T10:00:00+00:00,BTC/USDT,BUY,0.001613,62283.136005,0.100462698376065,0,718d683e-a73d-4c62-b275-c4b2afffd5d5,7a5446d9-1958-4d35-9d5c-83b15c8f718f
2024-10-05T22:00:00+00:00,BTC/USDT,SELL,0.001613,61826.721175,0.099726501255275,-0.936386320421340,6998e89e-ec80-40bc-b01f-fc6c02953908,2804e2e5-0268-4299-b521-b053e54b6a07
2024-10-05T23:00:00+00:00,BTC/USDT,BUY,0.001618,62070.539760,0.100430133331680,0,23a1ea5b-bf38-4c36-87d2-793e58f34c6c,aed91947-8521-4f9f-b981-5049dcf37d38
2024-10-06T04:00:00+00:00,BTC/USDT,SELL,0.001618,61847.720670,0.100069612044060,-0.561021032995740,9174e191-0af8-4742-8259-9dfb4d44af37,6e7b3f1b-f8bb-427d-b7eb-a23f01040270
2024-10-06T12:00:00+00:00,BTC/USDT,BUY,0.001617,62132.970960,0.100469014042320,0,9e4e4239-c738-4cac-98a6-e927cc3509a5,cde4d31b-b40f-4571-aef0-9b485ac7f306
2024-10-08T21:00:00+00:00,BTC/USDT,SELL,0.001617,62368.819990,0.100850381923830,0.180048485543850,b20d2300-f247-4d79-b921-3cf4eff8237e,a5f215b9-329a-4536-a291-0fcd31bdec8b
2024-10-11T20:00:00+00:00,BTC/USDT,BUY,0.001592,63117.54300,0.10048312845600,0,bcc68264-3cd9-4a31-890f-23e468cd6502,4967e628-efd1-4280-90ca-c29603245a2f
2024-10-21T22:00:00+00:00,BTC/USDT,SELL,0.001592,67769.308395,0.107888738964840,7.197238641419160,41f94433-cbeb-4fcd-b0ab-a3a49cc261ba,6ed15517-a0f5-40dc-93fa-598b78fecde7
2024-10-24T19:00:00+00:00,BTC/USDT,BUY,0.001481,67865.905995,0.100509406778595,0,e9e40dd7-2c95-4b19-a48f-d0461c511276,06795477-81bf-40f2-a31a-341ec0f7e332
2024-10-25T23:00:00+00:00,BTC/USDT,SELL,0.001481,66593.116785,0.098624405958585,-2.084134632747180,a7bedc95-42aa-4441-95c4-bc49b5b7fe33,183fd510-ef5f-439a-aa45-baa725110c4e
2024-10-27T16:00:00+00:00,BTC/USDT,BUY,0.001482,67825.89600,0.10051797787200,0,00bd1351-9978-4456-8338-8bad883b74e4,c05582ba-e75a-4d89-b170-57cdb8d646f3
2024-11-01T03:00:00+00:00,BTC/USDT,SELL,0.001482,69545.100055,0.103065838281510,2.344276593356490,5fa5ed8e-f5d1-4902-ae14-ac3c7210ce8e,713a03be-fd60-406c-80df-9c2e5245348e
2024-11-05T19:00:00+00:00,BTC/USDT,BUY,0.001431,70265.104995,0.100549365247845,0,1a997b6f-93b3-4f25-b075-2997609aaa06,64881c7a-af00-45d1-9b46-546e0931e9e6
2024-11-25T19:00:00+00:00,BTC/USDT,SELL,0.001431,95092.43000,0.13607726733000,35.291275449577155,ebdf57eb-d8db-49f7-b116-ba60aa581ecb,5405c7ad-4cc6-462b-9c02-f05659f4f8c5
2024-11-28T01:00:00+00:00,BTC/USDT,BUY,0.001044,96600.27600,0.10085068814400,0,e9143db6-2551-455f-901c-4529e2621308,caab696f-34e3-41d2-8404-fdeb13f259ca
2024-12-02T12:00:00+00:00,BTC/USDT,SELL,0.001044,95081.105665,0.099264674314260,-1.786129192198260,de92ece5-5c47-47f4-9147-40d7e0faa692,7d41c61a-42a5-4967-9b46-c69516d7a406
2024-12-04T10:00:00+00:00,BTC/USDT,BUY,0.001041,96864.187890,0.100835619593490,0,2b3d8b61-d14f-4f9f-9f4c-edf08066431c,10fd1c2a-9ab1-4dc8-8071-8cbf383bc219
2024-12-04T16:00:00+00:00,BTC/USDT,SELL,0.001041,95694.92860,0.09961842067260,-1.417652961156090,35111f39-385a-47b3-a643-69069efb04af,9aa306ac-5cae-44d7-b589-4380069964f1
2024-12-04T20:00:00+00:00,BTC/USDT,BUY,0.001037,97258.244820,0.100856799878340,0,d71cf1a3-7096-48ef-aee9-c0e386f97769,ec111837-52e6-42db-9888-7f0af68136f5
2024-12-09T13:00:00+00:00,BTC/USDT,SELL,0.001037,98551.749475,0.102198164205575,1.138309363151085,d2cbbc3f-e5ba-4e2c-ae3b-27530b0024ac,5f86fe41-8d45-4681-8a8f-a595bd4bea55
2024-12-09T15:00:00+00:00,BTC/USDT,BUY,0.001006,100206.338130,0.100807576158780,0,3fc827c1-0712-470b-86d7-b7148b17a8f9,3a757b43-c914-4768-9fa6-b2edcdc55dbc
2024-12-09T16:00:00+00:00,BTC/USDT,SELL,0.001006,97763.09400,0.09834967256400,-2.657060843502780,d51e8b2e-d7be-497a-87ea-ca068e7a83bf,5d07948a-abc5-4b9a-879f-42dafea851b4
2024-12-11T17:00:00+00:00,BTC/USDT,BUY,0.001002,100626.28800,0.10082754057600,0,aef44f7d-ded5-4533-8567-9e5459240968,140653df-8c37-485f-9d09-19fdb04b3191
2024-12-18T21:00:00+00:00,BTC/USDT,SELL,0.001002,100796.256660,0.100997849173320,-0.031516792429320,c99b0202-e038-44f8-be04-97e3dc6db4d4,0cd222d9-feaa-40b9-8e0b-118e41c5ed4e
2024-12-24T22:00:00+00:00,BTC/USDT,BUY,0.001024,98447.148975,0.100809880550400,0,11c07862-b0b2-4f49-bad1-388890f72c9c,5c461187-067f-4534-a521-ca12889e6b68
2024-12-26T14:00:00+00:00,BTC/USDT,SELL,0.001024,95656.597775,0.097952356121600,-3.056286665472000,e45cfcac-5e41-4c8c-9a5c-58414791d7f0,42227338-dcbc-436a-a037-119246519dbd
